episode,score,epsilon,loss,q_value_mean,steps,reward_total
0,0,0,nan,-0.04681045562028885,4,-8.064377925299983
0,0,0,nan,0.0029148377943784,4,-8.207809418981231
